timeStamp,elapsed,label,responseCode,responseMessage,threadName,dataType,success,failureMessage,bytes,sentBytes,grpThreads,allThreads,URL,Filename,Latency,Encoding,SampleCount,ErrorCount,Hostname,IdleTime,Connect
1628163347456,1072,HTTP Request,429,Too Many Requests,Thread Group Get All Employees 1-1,text,false,,2731,142,2,2,http://dummy.restapiexample.com/api/v1/employees,,1070,UTF-8,1,1,TUF,0,206
1628163348325,930,HTTP Request,200,OK,Thread Group Get All Employees 1-2,text,true,,3733,142,2,2,http://dummy.restapiexample.com/api/v1/employees,,930,ISO-8859-1,1,0,TUF,0,97
1628163348531,816,HTTP Request,200,OK,Thread Group Get All Employees 1-1,text,true,,3723,142,3,3,http://dummy.restapiexample.com/api/v1/employees,,816,ISO-8859-1,1,0,TUF,0,0
1628163349255,810,HTTP Request,429,Too Many Requests,Thread Group Get All Employees 1-2,text,false,,2735,142,3,3,http://dummy.restapiexample.com/api/v1/employees,,810,UTF-8,1,1,TUF,0,0
1628163349348,794,HTTP Request,429,Too Many Requests,Thread Group Get All Employees 1-1,text,false,,2731,142,3,3,http://dummy.restapiexample.com/api/v1/employees,,793,UTF-8,1,1,TUF,0,0
1628163349324,885,HTTP Request,200,OK,Thread Group Get All Employees 1-3,text,true,,3725,142,3,3,http://dummy.restapiexample.com/api/v1/employees,,885,ISO-8859-1,1,0,TUF,0,11
1628163350066,851,HTTP Request,200,OK,Thread Group Get All Employees 1-2,text,true,,3727,142,4,4,http://dummy.restapiexample.com/api/v1/employees,,850,ISO-8859-1,1,0,TUF,0,0
1628163350142,784,HTTP Request,429,Too Many Requests,Thread Group Get All Employees 1-1,text,false,,2735,142,4,4,http://dummy.restapiexample.com/api/v1/employees,,784,UTF-8,1,1,TUF,0,0
1628163350210,938,HTTP Request,429,Too Many Requests,Thread Group Get All Employees 1-3,text,false,,2731,142,4,4,http://dummy.restapiexample.com/api/v1/employees,,938,UTF-8,1,1,TUF,0,0
1628163350322,900,HTTP Request,429,Too Many Requests,Thread Group Get All Employees 1-4,text,false,,2721,142,4,4,http://dummy.restapiexample.com/api/v1/employees,,900,UTF-8,1,1,TUF,0,15
1628163350917,893,HTTP Request,429,Too Many Requests,Thread Group Get All Employees 1-2,text,false,,2727,142,5,5,http://dummy.restapiexample.com/api/v1/employees,,893,UTF-8,1,1,TUF,0,0
1628163350927,919,HTTP Request,429,Too Many Requests,Thread Group Get All Employees 1-1,text,false,,2731,142,5,5,http://dummy.restapiexample.com/api/v1/employees,,919,UTF-8,1,1,TUF,0,0
1628163351148,862,HTTP Request,429,Too Many Requests,Thread Group Get All Employees 1-3,text,false,,2727,142,5,5,http://dummy.restapiexample.com/api/v1/employees,,862,UTF-8,1,1,TUF,0,0
1628163351222,892,HTTP Request,429,Too Many Requests,Thread Group Get All Employees 1-4,text,false,,2733,142,5,5,http://dummy.restapiexample.com/api/v1/employees,,892,UTF-8,1,1,TUF,0,0
1628163351322,935,HTTP Request,429,Too Many Requests,Thread Group Get All Employees 1-5,text,false,,2725,142,5,5,http://dummy.restapiexample.com/api/v1/employees,,935,UTF-8,1,1,TUF,0,9
1628163351846,898,HTTP Request,429,Too Many Requests,Thread Group Get All Employees 1-1,text,false,,2729,142,6,6,http://dummy.restapiexample.com/api/v1/employees,,898,UTF-8,1,1,TUF,0,0
1628163352010,941,HTTP Request,429,Too Many Requests,Thread Group Get All Employees 1-3,text,false,,2733,142,6,6,http://dummy.restapiexample.com/api/v1/employees,,941,UTF-8,1,1,TUF,0,0
1628163352114,892,HTTP Request,429,Too Many Requests,Thread Group Get All Employees 1-4,text,false,,2735,142,6,6,http://dummy.restapiexample.com/api/v1/employees,,892,UTF-8,1,1,TUF,0,0
1628163352320,1257,HTTP Request,429,Too Many Requests,Thread Group Get All Employees 1-6,text,false,,2733,142,7,7,http://dummy.restapiexample.com/api/v1/employees,,1257,UTF-8,1,1,TUF,0,8
1628163352258,1320,HTTP Request,429,Too Many Requests,Thread Group Get All Employees 1-5,text,false,,2737,142,7,7,http://dummy.restapiexample.com/api/v1/employees,,1320,UTF-8,1,1,TUF,0,0
1628163352745,1038,HTTP Request,429,Too Many Requests,Thread Group Get All Employees 1-1,text,false,,2737,142,7,7,http://dummy.restapiexample.com/api/v1/employees,,1038,UTF-8,1,1,TUF,0,0
1628163352952,957,HTTP Request,429,Too Many Requests,Thread Group Get All Employees 1-3,text,false,,2725,142,7,7,http://dummy.restapiexample.com/api/v1/employees,,957,UTF-8,1,1,TUF,0,0
1628163353006,908,HTTP Request,429,Too Many Requests,Thread Group Get All Employees 1-4,text,false,,2727,142,7,7,http://dummy.restapiexample.com/api/v1/employees,,908,UTF-8,1,1,TUF,0,0
1628163351810,2449,HTTP Request,429,Too Many Requests,Thread Group Get All Employees 1-2,text,false,,2725,142,7,7,http://dummy.restapiexample.com/api/v1/employees,,2449,UTF-8,1,1,TUF,0,0
1628163353320,1196,HTTP Request,429,Too Many Requests,Thread Group Get All Employees 1-7,text,false,,2729,142,8,8,http://dummy.restapiexample.com/api/v1/employees,,1196,UTF-8,1,1,TUF,0,9
1628163353579,1109,HTTP Request,429,Too Many Requests,Thread Group Get All Employees 1-5,text,false,,2727,142,8,8,http://dummy.restapiexample.com/api/v1/employees,,1109,UTF-8,1,1,TUF,0,0
1628163353784,967,HTTP Request,429,Too Many Requests,Thread Group Get All Employees 1-1,text,false,,2733,142,8,8,http://dummy.restapiexample.com/api/v1/employees,,967,UTF-8,1,1,TUF,0,0
1628163353910,1070,HTTP Request,429,Too Many Requests,Thread Group Get All Employees 1-3,text,false,,2727,142,8,8,http://dummy.restapiexample.com/api/v1/employees,,1070,UTF-8,1,1,TUF,0,0
1628163353914,1202,HTTP Request,429,Too Many Requests,Thread Group Get All Employees 1-4,text,false,,2737,142,8,8,http://dummy.restapiexample.com/api/v1/employees,,1202,UTF-8,1,1,TUF,0,0
1628163353578,1833,HTTP Request,429,Too Many Requests,Thread Group Get All Employees 1-6,text,false,,2727,142,9,9,http://dummy.restapiexample.com/api/v1/employees,,1833,UTF-8,1,1,TUF,0,0
1628163354259,1434,HTTP Request,429,Too Many Requests,Thread Group Get All Employees 1-2,text,false,,2725,142,9,9,http://dummy.restapiexample.com/api/v1/employees,,1434,UTF-8,1,1,TUF,0,0
1628163354516,1496,HTTP Request,429,Too Many Requests,Thread Group Get All Employees 1-7,text,false,,2733,142,9,9,http://dummy.restapiexample.com/api/v1/employees,,1496,UTF-8,1,1,TUF,0,0
1628163354327,2293,HTTP Request,429,Too Many Requests,Thread Group Get All Employees 1-8,text,false,,2731,142,10,10,http://dummy.restapiexample.com/api/v1/employees,,2292,UTF-8,1,1,TUF,0,9
1628163354981,1786,HTTP Request,429,Too Many Requests,Thread Group Get All Employees 1-3,text,false,,2733,142,10,10,http://dummy.restapiexample.com/api/v1/employees,,1785,UTF-8,1,1,TUF,0,0
1628163354689,2182,HTTP Request,429,Too Many Requests,Thread Group Get All Employees 1-5,text,false,,2729,142,10,10,http://dummy.restapiexample.com/api/v1/employees,,2182,UTF-8,1,1,TUF,0,0
1628163355411,1583,HTTP Request,429,Too Many Requests,Thread Group Get All Employees 1-6,text,false,,2731,142,10,10,http://dummy.restapiexample.com/api/v1/employees,,1583,UTF-8,1,1,TUF,0,0
1628163354751,2353,HTTP Request,429,Too Many Requests,Thread Group Get All Employees 1-1,text,false,,2731,142,10,10,http://dummy.restapiexample.com/api/v1/employees,,2353,UTF-8,1,1,TUF,0,0
1628163355116,2454,HTTP Request,429,Too Many Requests,Thread Group Get All Employees 1-4,text,false,,2725,142,10,10,http://dummy.restapiexample.com/api/v1/employees,,2453,UTF-8,1,1,TUF,0,0
1628163356012,1861,HTTP Request,429,Too Many Requests,Thread Group Get All Employees 1-7,text,false,,2727,142,10,10,http://dummy.restapiexample.com/api/v1/employees,,1861,UTF-8,1,1,TUF,0,0
1628163355327,2678,HTTP Request,429,Too Many Requests,Thread Group Get All Employees 1-9,text,false,,2727,142,10,10,http://dummy.restapiexample.com/api/v1/employees,,2678,UTF-8,1,1,TUF,0,10
1628163355694,2392,HTTP Request,429,Too Many Requests,Thread Group Get All Employees 1-2,text,false,,2725,142,10,10,http://dummy.restapiexample.com/api/v1/employees,,2392,UTF-8,1,1,TUF,0,0
1628163356318,1869,HTTP Request,429,Too Many Requests,Thread Group Get All Employees 1-10,text,false,,2737,142,10,10,http://dummy.restapiexample.com/api/v1/employees,,1869,UTF-8,1,1,TUF,0,9
1628163356767,1923,HTTP Request,429,Too Many Requests,Thread Group Get All Employees 1-3,text,false,,2733,142,10,10,http://dummy.restapiexample.com/api/v1/employees,,1923,UTF-8,1,1,TUF,0,0
1628163357104,1675,HTTP Request,429,Too Many Requests,Thread Group Get All Employees 1-1,text,false,,2731,142,10,10,http://dummy.restapiexample.com/api/v1/employees,,1675,UTF-8,1,1,TUF,0,0
1628163358087,1303,HTTP Request,429,Too Many Requests,Thread Group Get All Employees 1-2,text,false,,2725,142,9,9,http://dummy.restapiexample.com/api/v1/employees,,1303,UTF-8,1,1,TUF,0,0
1628163358005,1462,HTTP Request,429,Too Many Requests,Thread Group Get All Employees 1-9,text,false,,2739,142,9,9,http://dummy.restapiexample.com/api/v1/employees,,1462,UTF-8,1,1,TUF,0,0
1628163358187,1283,HTTP Request,429,Too Many Requests,Thread Group Get All Employees 1-10,text,false,,2729,142,9,9,http://dummy.restapiexample.com/api/v1/employees,,1283,UTF-8,1,1,TUF,0,0
1628163356620,2902,HTTP Request,429,Too Many Requests,Thread Group Get All Employees 1-8,text,false,,2725,142,9,9,http://dummy.restapiexample.com/api/v1/employees,,2902,UTF-8,1,1,TUF,0,0
1628163357570,1991,HTTP Request,429,Too Many Requests,Thread Group Get All Employees 1-4,text,false,,2729,142,9,9,http://dummy.restapiexample.com/api/v1/employees,,1990,UTF-8,1,1,TUF,0,0
1628163356871,2768,HTTP Request,429,Too Many Requests,Thread Group Get All Employees 1-5,text,false,,2725,142,9,9,http://dummy.restapiexample.com/api/v1/employees,,2768,UTF-8,1,1,TUF,0,0
1628163357874,1784,HTTP Request,429,Too Many Requests,Thread Group Get All Employees 1-7,text,false,,2729,142,9,9,http://dummy.restapiexample.com/api/v1/employees,,1784,UTF-8,1,1,TUF,0,0
1628163358691,1021,HTTP Request,429,Too Many Requests,Thread Group Get All Employees 1-3,text,false,,2725,142,9,9,http://dummy.restapiexample.com/api/v1/employees,,1021,UTF-8,1,1,TUF,0,0
1628163356995,2718,HTTP Request,429,Too Many Requests,Thread Group Get All Employees 1-6,text,false,,2733,142,9,9,http://dummy.restapiexample.com/api/v1/employees,,2718,UTF-8,1,1,TUF,0,0
1628163359390,1210,HTTP Request,429,Too Many Requests,Thread Group Get All Employees 1-2,text,false,,2729,142,9,9,http://dummy.restapiexample.com/api/v1/employees,,1210,UTF-8,1,1,TUF,0,0
1628163359640,1020,HTTP Request,429,Too Many Requests,Thread Group Get All Employees 1-5,text,false,,2733,142,9,9,http://dummy.restapiexample.com/api/v1/employees,,1020,UTF-8,1,1,TUF,0,0
1628163359658,1744,HTTP Request,429,Too Many Requests,Thread Group Get All Employees 1-7,text,false,,2733,142,9,9,http://dummy.restapiexample.com/api/v1/employees,,1744,UTF-8,1,1,TUF,0,0
1628163359523,1918,HTTP Request,429,Too Many Requests,Thread Group Get All Employees 1-8,text,false,,2731,142,9,9,http://dummy.restapiexample.com/api/v1/employees,,1918,UTF-8,1,1,TUF,0,0
1628163359471,1970,HTTP Request,429,Too Many Requests,Thread Group Get All Employees 1-10,text,false,,2731,142,9,9,http://dummy.restapiexample.com/api/v1/employees,,1970,UTF-8,1,1,TUF,0,0
1628163359561,1921,HTTP Request,429,Too Many Requests,Thread Group Get All Employees 1-4,text,false,,2729,142,9,9,http://dummy.restapiexample.com/api/v1/employees,,1921,UTF-8,1,1,TUF,0,0
1628163359713,1822,HTTP Request,429,Too Many Requests,Thread Group Get All Employees 1-3,text,false,,2729,142,9,9,http://dummy.restapiexample.com/api/v1/employees,,1822,UTF-8,1,1,TUF,0,0
1628163359468,2082,HTTP Request,429,Too Many Requests,Thread Group Get All Employees 1-9,text,false,,2733,142,8,8,http://dummy.restapiexample.com/api/v1/employees,,2081,UTF-8,1,1,TUF,0,0
1628163359714,1893,HTTP Request,429,Too Many Requests,Thread Group Get All Employees 1-6,text,false,,2731,142,8,8,http://dummy.restapiexample.com/api/v1/employees,,1893,UTF-8,1,1,TUF,0,0
1628163360601,1819,HTTP Request,429,Too Many Requests,Thread Group Get All Employees 1-2,text,false,,2727,142,8,8,http://dummy.restapiexample.com/api/v1/employees,,1819,UTF-8,1,1,TUF,0,0
1628163360660,1881,HTTP Request,429,Too Many Requests,Thread Group Get All Employees 1-5,text,false,,2731,142,7,7,http://dummy.restapiexample.com/api/v1/employees,,1881,UTF-8,1,1,TUF,0,0
1628163361441,1157,HTTP Request,429,Too Many Requests,Thread Group Get All Employees 1-8,text,false,,2727,142,7,7,http://dummy.restapiexample.com/api/v1/employees,,1157,UTF-8,1,1,TUF,0,0
1628163361441,1157,HTTP Request,429,Too Many Requests,Thread Group Get All Employees 1-10,text,false,,2731,142,7,7,http://dummy.restapiexample.com/api/v1/employees,,1157,UTF-8,1,1,TUF,0,0
1628163361482,1124,HTTP Request,429,Too Many Requests,Thread Group Get All Employees 1-4,text,false,,2733,142,7,7,http://dummy.restapiexample.com/api/v1/employees,,1124,UTF-8,1,1,TUF,0,0
1628163361550,1070,HTTP Request,429,Too Many Requests,Thread Group Get All Employees 1-9,text,false,,2731,142,7,7,http://dummy.restapiexample.com/api/v1/employees,,1070,UTF-8,1,1,TUF,0,0
1628163361607,1032,HTTP Request,429,Too Many Requests,Thread Group Get All Employees 1-6,text,false,,2729,142,7,7,http://dummy.restapiexample.com/api/v1/employees,,1032,UTF-8,1,1,TUF,0,0
1628163361402,1237,HTTP Request,429,Too Many Requests,Thread Group Get All Employees 1-7,text,false,,2731,142,7,7,http://dummy.restapiexample.com/api/v1/employees,,1237,UTF-8,1,1,TUF,0,0
1628163362607,1775,HTTP Request,429,Too Many Requests,Thread Group Get All Employees 1-4,text,false,,2727,142,7,7,http://dummy.restapiexample.com/api/v1/employees,,1775,UTF-8,1,1,TUF,0,0
1628163362639,1751,HTTP Request,429,Too Many Requests,Thread Group Get All Employees 1-6,text,false,,2737,142,6,6,http://dummy.restapiexample.com/api/v1/employees,,1751,UTF-8,1,1,TUF,0,0
1628163362639,1751,HTTP Request,429,Too Many Requests,Thread Group Get All Employees 1-7,text,false,,2729,142,6,6,http://dummy.restapiexample.com/api/v1/employees,,1751,UTF-8,1,1,TUF,0,0
1628163362542,1848,HTTP Request,429,Too Many Requests,Thread Group Get All Employees 1-5,text,false,,2725,142,6,6,http://dummy.restapiexample.com/api/v1/employees,,1848,UTF-8,1,1,TUF,0,0
1628163362598,1796,HTTP Request,429,Too Many Requests,Thread Group Get All Employees 1-10,text,false,,2725,142,6,6,http://dummy.restapiexample.com/api/v1/employees,,1796,UTF-8,1,1,TUF,0,0
1628163362598,1802,HTTP Request,429,Too Many Requests,Thread Group Get All Employees 1-8,text,false,,2723,142,6,6,http://dummy.restapiexample.com/api/v1/employees,,1802,UTF-8,1,1,TUF,0,0
1628163362621,1784,HTTP Request,429,Too Many Requests,Thread Group Get All Employees 1-9,text,false,,2731,142,6,6,http://dummy.restapiexample.com/api/v1/employees,,1784,UTF-8,1,1,TUF,0,0
1628163364391,715,HTTP Request,429,Too Many Requests,Thread Group Get All Employees 1-7,text,false,,2731,142,6,6,http://dummy.restapiexample.com/api/v1/employees,,715,UTF-8,1,1,TUF,0,0
1628163364406,701,HTTP Request,429,Too Many Requests,Thread Group Get All Employees 1-9,text,false,,2727,142,6,6,http://dummy.restapiexample.com/api/v1/employees,,701,UTF-8,1,1,TUF,0,0
1628163364391,723,HTTP Request,429,Too Many Requests,Thread Group Get All Employees 1-5,text,false,,2725,142,6,6,http://dummy.restapiexample.com/api/v1/employees,,723,UTF-8,1,1,TUF,0,0
1628163364391,780,HTTP Request,429,Too Many Requests,Thread Group Get All Employees 1-6,text,false,,2735,142,6,6,http://dummy.restapiexample.com/api/v1/employees,,780,UTF-8,1,1,TUF,0,0
1628163364395,782,HTTP Request,429,Too Many Requests,Thread Group Get All Employees 1-10,text,false,,2735,142,6,6,http://dummy.restapiexample.com/api/v1/employees,,782,UTF-8,1,1,TUF,0,0
1628163364400,778,HTTP Request,429,Too Many Requests,Thread Group Get All Employees 1-8,text,false,,2727,142,6,6,http://dummy.restapiexample.com/api/v1/employees,,778,UTF-8,1,1,TUF,0,0
1628163365106,771,HTTP Request,429,Too Many Requests,Thread Group Get All Employees 1-7,text,false,,2737,142,6,6,http://dummy.restapiexample.com/api/v1/employees,,771,UTF-8,1,1,TUF,0,0
1628163365179,716,HTTP Request,429,Too Many Requests,Thread Group Get All Employees 1-8,text,false,,2727,142,6,6,http://dummy.restapiexample.com/api/v1/employees,,714,UTF-8,1,1,TUF,0,0
1628163365115,794,HTTP Request,429,Too Many Requests,Thread Group Get All Employees 1-5,text,false,,2725,142,6,6,http://dummy.restapiexample.com/api/v1/employees,,794,UTF-8,1,1,TUF,0,0
1628163365171,745,HTTP Request,429,Too Many Requests,Thread Group Get All Employees 1-6,text,false,,2731,142,5,5,http://dummy.restapiexample.com/api/v1/employees,,745,UTF-8,1,1,TUF,0,0
1628163365107,866,HTTP Request,429,Too Many Requests,Thread Group Get All Employees 1-9,text,false,,2735,142,5,5,http://dummy.restapiexample.com/api/v1/employees,,866,UTF-8,1,1,TUF,0,0
1628163365177,870,HTTP Request,429,Too Many Requests,Thread Group Get All Employees 1-10,text,false,,2727,142,5,5,http://dummy.restapiexample.com/api/v1/employees,,870,UTF-8,1,1,TUF,0,0
1628163365916,770,HTTP Request,429,Too Many Requests,Thread Group Get All Employees 1-6,text,false,,2733,142,5,5,http://dummy.restapiexample.com/api/v1/employees,,770,UTF-8,1,1,TUF,0,0
1628163365877,828,HTTP Request,429,Too Many Requests,Thread Group Get All Employees 1-7,text,false,,2731,142,4,4,http://dummy.restapiexample.com/api/v1/employees,,828,UTF-8,1,1,TUF,0,0
1628163365896,828,HTTP Request,429,Too Many Requests,Thread Group Get All Employees 1-8,text,false,,2731,142,3,3,http://dummy.restapiexample.com/api/v1/employees,,828,UTF-8,1,1,TUF,0,0
1628163365973,834,HTTP Request,429,Too Many Requests,Thread Group Get All Employees 1-9,text,false,,2739,142,3,3,http://dummy.restapiexample.com/api/v1/employees,,834,UTF-8,1,1,TUF,0,0
1628163366048,822,HTTP Request,429,Too Many Requests,Thread Group Get All Employees 1-10,text,false,,2735,142,3,3,http://dummy.restapiexample.com/api/v1/employees,,822,UTF-8,1,1,TUF,0,0
1628163366724,742,HTTP Request,429,Too Many Requests,Thread Group Get All Employees 1-8,text,false,,2733,142,3,3,http://dummy.restapiexample.com/api/v1/employees,,742,UTF-8,1,1,TUF,0,0
1628163366871,781,HTTP Request,429,Too Many Requests,Thread Group Get All Employees 1-10,text,false,,2725,142,3,3,http://dummy.restapiexample.com/api/v1/employees,,781,UTF-8,1,1,TUF,0,0
1628163366807,856,HTTP Request,429,Too Many Requests,Thread Group Get All Employees 1-9,text,false,,2729,142,3,3,http://dummy.restapiexample.com/api/v1/employees,,856,UTF-8,1,1,TUF,0,0
1628163367466,876,HTTP Request,429,Too Many Requests,Thread Group Get All Employees 1-8,text,false,,2727,142,3,3,http://dummy.restapiexample.com/api/v1/employees,,876,UTF-8,1,1,TUF,0,0
1628163367652,736,HTTP Request,429,Too Many Requests,Thread Group Get All Employees 1-10,text,false,,2727,142,2,2,http://dummy.restapiexample.com/api/v1/employees,,735,UTF-8,1,1,TUF,0,0
1628163367663,779,HTTP Request,429,Too Many Requests,Thread Group Get All Employees 1-9,text,false,,2729,142,1,1,http://dummy.restapiexample.com/api/v1/employees,,779,UTF-8,1,1,TUF,0,0
